Time,app_temp,aqi,city_name,clouds,country_code,datetime,dewpt,dhi,dni,elev_angle,ghi,gust,h_angle,lat,lon,ob_time,pod,precip,pres,rh,slp,snow,solar_rad,sources,state_code,station,sunrise,sunset,temp,timezone,ts,uv,vis,weather,wind_cdir,wind_cdir_full,wind_dir,wind_spd
00:53:04,1.4,95,Sarajevo,86,BA,2023-12-22:23,2,0,0,-69.39,0,,-90,43.84864,18.35644,2023-12-22 23:30,n,0,940.5,100,1002,0,0,"['LQSA', 'radar', 'satellite']",01,LQSA,06:17,15:13,2,Europe/Sarajevo,1703287800,0,16,"{'code': 741, 'icon': 'a05n', 'description': 'Fog'}",N,north,0,1
01:08:05,1.4,91,Sarajevo,83,BA,2023-12-22:23,2,0,0,-64.53,0,,-90,43.84864,18.35644,2023-12-22 23:38,n,0,940.5,100,1002,0,0,"['LQSA', 'radar', 'satellite']",01,LQSA,06:17,15:13,2,Europe/Sarajevo,1703288285,0,16,"{'code': 741, 'icon': 'a05n', 'description': 'Fog'}",N,north,0,1
01:23:06,0.3,91,Sarajevo,54,BA,2023-12-23:00,1,0,0,-64.53,0,,-90,43.84864,18.35644,2023-12-23 00:00,n,0,940.2,100,1002,0,0,"['LQSA', 'radar', 'satellite']",01,LQSA,06:17,15:13,1,Europe/Sarajevo,1703289600,0,16,"{'code': 741, 'icon': 'a05n', 'description': 'Fog'}",N,north,0,1
01:38:07,0.3,91,Sarajevo,56,BA,2023-12-23:00,1,0,0,-64.53,0,,-90,43.84864,18.35644,2023-12-23 00:08,n,0,940.2,100,1002,0,0,"['LQSA', 'radar', 'satellite']",01,LQSA,06:17,15:13,1,Europe/Sarajevo,1703290087,0,16,"{'code': 741, 'icon': 'a05n', 'description': 'Fog'}",N,north,0,1
01:53:08,0.3,91,Sarajevo,80,BA,2023-12-23:00,1,0,0,-64.53,0,,-90,43.84864,18.35644,2023-12-23 00:23,n,0,940.2,100,1002,0,0,"['LQSA', 'radar', 'satellite']",01,LQSA,06:17,15:13,1,Europe/Sarajevo,1703290988,0,16,"{'code': 741, 'icon': 'a05n', 'description': 'Fog'}",N,north,0,1
02:08:09,1.7,100,Sarajevo,85,BA,2023-12-23:00,1,0,0,-55.78,0,,-90,43.84864,18.35644,2023-12-23 00:38,n,0,939.3,100,1001,0,0,"['LQSA', 'radar', 'satellite']",01,LQSA,06:17,15:13,1,Europe/Sarajevo,1703291889,0,16,"{'code': 741, 'icon': 'a05n', 'description': 'Fog'}",N,north,0,0.5
02:23:10,0.3,100,Sarajevo,80,BA,2023-12-23:01,1,0,0,-55.78,0,,-90,43.84864,18.35644,2023-12-23 01:00,n,0,940.2,100,1002,0,0,"['LQSA', 'radar', 'satellite']",01,LQSA,06:17,15:13,1,Europe/Sarajevo,1703293200,0,16,"{'code': 741, 'icon': 'a05n', 'description': 'Fog'}",N,north,0,1
02:38:11,0.3,100,Sarajevo,80,BA,2023-12-23:01,1,0,0,-55.78,0,,-90,43.84864,18.35644,2023-12-23 01:08,n,0,940.2,100,1002,0,0,"['LQSA', 'radar', 'satellite']",01,LQSA,06:17,15:13,1,Europe/Sarajevo,1703293691,0,7,"{'icon': 'a05n', 'description': 'Fog', 'code': 741}",N,north,0,1
02:53:12,-1.4,100,Sarajevo,80,BA,2023-12-23:01,1,0,0,-55.78,0,,-90,43.84864,18.35644,2023-12-23 01:30,n,0,940.2,100,1002,0,0,"['LQSA', 'radar', 'satellite']",01,LQSA,06:17,15:13,1,Europe/Sarajevo,1703295000,0,7,"{'code': 741, 'icon': 'a05n', 'description': 'Fog'}",N,north,0,2.1
03:08:13,-1.4,107,Sarajevo,50,BA,2023-12-23:01,1,0,0,-45.51,0,,-90,43.84864,18.35644,2023-12-23 01:38,n,0,940.2,100,1002,0,0,"['LQSA', 'radar', 'satellite']",01,LQSA,06:17,15:13,1,Europe/Sarajevo,1703295493,0,7,"{'description': 'Fog', 'code': 741, 'icon': 'a05n'}",N,north,0,2.1
03:23:14,-1.4,121,Sarajevo,42,BA,2023-12-23:02,1,0,0,-45.51,0,,-90,43.84864,18.35644,2023-12-23 02:00,n,0,939.3,100,1001,0,0,"['LQSA', 'radar', 'satellite']",01,LQSA,06:17,15:13,1,Europe/Sarajevo,1703296800,0,7,"{'icon': 'a05n', 'description': 'Fog', 'code': 741}",SE,southeast,140,2.1
03:38:15,-1.4,121,Sarajevo,42,BA,2023-12-23:02,1,0,0,-45.51,0,,-90,43.84864,18.35644,2023-12-23 02:08,n,0,939.3,100,1001,0,0,"['LQSA', 'radar', 'satellite']",01,LQSA,06:17,15:13,1,Europe/Sarajevo,1703297295,0,7,"{'description': 'Fog', 'code': 741, 'icon': 'a05n'}",SE,southeast,140,2.1
03:53:16,3.3,121,Sarajevo,42,BA,2023-12-23:02,0.9,0,0,-45.51,0,,-90,43.84864,18.35644,2023-12-23 02:30,n,0,940.2,75,1001,0,0,"['LQSA', 'radar', 'satellite']",01,LQSA,06:17,15:13,5,Europe/Sarajevo,1703298600,0,7,"{'description': 'Scattered clouds', 'code': 802, 'icon': 'c02n'}",N,north,0,2.1
04:08:17,3.3,134,Sarajevo,42,BA,2023-12-23:02,0.9,0,0,-34.76,0,,-90,43.84864,18.35644,2023-12-23 02:38,n,0,940.2,75,1001,0,0,"['LQSA', 'radar', 'satellite']",01,LQSA,06:17,15:13,5,Europe/Sarajevo,1703299097,0,7,"{'icon': 'c02n', 'description': 'Scattered clouds', 'code': 802}",N,north,0,2.1
04:23:18,3.3,97,Sarajevo,42,BA,2023-12-23:03,0.9,0,0,-34.76,0,,-90,43.84864,18.35644,2023-12-23 03:00,n,0,940.2,75,1001,0,0,"['LQSA', 'radar', 'satellite']",01,LQSA,06:17,15:13,5,Europe/Sarajevo,1703300400,0,7,"{'code': 802, 'icon': 'c02n', 'description': 'Scattered clouds'}",N,north,0,2.1
04:38:19,3.3,97,Sarajevo,42,BA,2023-12-23:03,0.9,0,0,-34.76,0,,-90,43.84864,18.35644,2023-12-23 03:08,n,0,940.2,75,1001,0,0,"['LQSA', 'radar', 'satellite']",01,LQSA,06:17,15:13,5,Europe/Sarajevo,1703300899,0,3,"{'icon': 'c02n', 'description': 'Scattered clouds', 'code': 802}",N,north,0,2.1
04:53:19,5.7,97,Sarajevo,40,BA,2023-12-23:03,0.9,0,0,-34.76,0,,-90,43.84864,18.35644,2023-12-23 03:30,n,0,941.5,65,1002,0,0,"['LQSA', 'radar', 'satellite']",01,LQSA,06:17,15:13,7,Europe/Sarajevo,1703302200,0,3,"{'icon': 'c02n', 'description': 'Few clouds', 'code': 801}",N,north,0,2.1
05:08:20,5.7,97,Sarajevo,40,BA,2023-12-23:03,0.9,0,0,-24,0,,-90,43.84864,18.35644,2023-12-23 03:38,n,0,941.5,65,1002,0,0,"['LQSA', 'radar', 'satellite']",01,LQSA,06:17,15:13,7,Europe/Sarajevo,1703302701,0,3,"{'description': 'Few clouds', 'code': 801, 'icon': 'c02n'}",N,north,0,2.1
05:23:21,10,97,Sarajevo,44,BA,2023-12-23:04,-0.3,0,0,-24,0,,-90,43.84864,18.35644,2023-12-23 04:00,n,0,942.1,49,1002,0,0,"['LQSA', 'radar', 'satellite']",01,LQSA,06:17,15:13,10,Europe/Sarajevo,1703304000,0,3,"{'description': 'Scattered clouds', 'code': 802, 'icon': 'c02n'}",W,west,280,5.1
05:38:22,10,90,Sarajevo,42,BA,2023-12-23:04,-0.3,0,0,-24,0,,-90,43.84864,18.35644,2023-12-23 04:08,n,0,942.1,49,1002,0,0,"['LQSA', 'radar', 'satellite']",01,LQSA,06:17,15:13,10,Europe/Sarajevo,1703304503,0,16,"{'code': 802, 'icon': 'c02n', 'description': 'Scattered clouds'}",W,west,280,5.1
05:53:23,4.2,90,Sarajevo,44,BA,2023-12-23:04,2.9,0,0,-24,0,3.6,-90,43.84864,18.35644,2023-12-23 04:38,n,0,935,85,1004.5,0,0,"['analysis', 'radar', 'satellite']",01,LQSA,06:17,15:13,5.3,Europe/Sarajevo,1703306304,0,16,"{'icon': 'c02n', 'description': 'Scattered clouds', 'code': 802}",WSW,west-southwest,252,1.54
06:08:24,4.2,90,Sarajevo,42,BA,2023-12-23:04,2.9,0,0,-13.55,0,3.6,-90,43.84864,18.35644,2023-12-23 04:53,n,0,935,85,1004.5,0,0,"['analysis', 'radar', 'satellite']",01,LQSA,06:17,15:13,5.3,Europe/Sarajevo,1703307205,0,16,"{'description': 'Scattered clouds', 'code': 802, 'icon': 'c02n'}",WSW,west-southwest,252,1.54
06:23:25,4.2,90,Sarajevo,42,BA,2023-12-23:05,2.9,0,0,-13.55,0,3.6,-90,43.84864,18.35644,2023-12-23 05:08,n,0,935,85,1004.5,0,0,"['analysis', 'radar', 'satellite']",01,LQSA,06:17,15:13,5.3,Europe/Sarajevo,1703308106,0,16,"{'description': 'Scattered clouds', 'code': 802, 'icon': 'c02n'}",WSW,west-southwest,252,1.54
06:38:26,4.8,90,Sarajevo,42,BA,2023-12-23:05,2.9,0,0,-13.55,0,3.6,-90,43.84864,18.35644,2023-12-23 05:23,n,0,936,82,1005.5,0,0,"['analysis', 'radar', 'satellite']",01,LQSA,06:17,15:13,5.8,Europe/Sarajevo,1703309007,0,16,"{'code': 802, 'icon': 'c02n', 'description': 'Scattered clouds'}",W,west,268,1.54
06:53:27,9,76,Sarajevo,42,BA,2023-12-23:05,-0.1,0,0,-13.55,0,,-90,43.84864,18.35644,2023-12-23 05:30,n,0,942.9,53,1003,0,0,"['LQSA', 'radar', 'satellite']",01,LQSA,06:17,15:13,9,Europe/Sarajevo,1703309400,0,1,"{'code': 802, 'icon': 'c02n', 'description': 'Scattered clouds'}",N,north,0,2.1
07:08:28,9,76,Sarajevo,42,BA,2023-12-23:05,-0.1,0,0,-3.71,0,,-90,43.84864,18.35644,2023-12-23 05:38,n,0,942.9,53,1003,0,0,"['LQSA', 'radar', 'satellite']",01,LQSA,06:17,15:13,9,Europe/Sarajevo,1703309909,0,1,"{'code': 802, 'icon': 'c02n', 'description': 'Scattered clouds'}",N,north,0,2.1
07:23:29,5.7,76,Sarajevo,42,BA,2023-12-23:06,0.9,0,0,-3.71,0,,-90,43.84864,18.35644,2023-12-23 06:00,d,0,942.5,65,1003,0,0,"['LQSA', 'radar', 'satellite']",01,LQSA,06:17,15:13,7,Europe/Sarajevo,1703311200,0,1,"{'description': 'Scattered clouds', 'code': 802, 'icon': 'c02d'}",N,north,0,2.1
07:38:30,5.7,76,Sarajevo,42,BA,2023-12-23:06,0.9,0,0,-3.71,0,,-90,43.84864,18.35644,2023-12-23 06:08,d,0,942.5,65,1003,0,0,"['LQSA', 'radar', 'satellite']",01,LQSA,06:17,15:13,7,Europe/Sarajevo,1703311710,0,1,"{'description': 'Scattered clouds', 'code': 802, 'icon': 'c02d'}",N,north,0,2.1
07:53:31,5.7,76,Sarajevo,44,BA,2023-12-23:06,0.9,0,0,-3.71,0,,-90,43.84864,18.35644,2023-12-23 06:30,d,0,943.4,65,1004,0,0,"['LQSA', 'radar', 'satellite']",01,LQSA,06:17,15:13,7,Europe/Sarajevo,1703313000,0,1,"{'code': 802, 'icon': 'c02d', 'description': 'Scattered clouds'}",N,north,0,2.1
08:08:32,5.7,61,Sarajevo,50,BA,2023-12-23:06,0.9,36.55,319.84,5.19,55.96,,-90,43.84864,18.35644,2023-12-23 06:38,d,0,943.4,65,1004,0,51.7,"['LQSA', 'radar', 'satellite']",01,LQSA,06:17,15:13,7,Europe/Sarajevo,1703313512,0.82589203,1,"{'code': 802, 'icon': 'c02d', 'description': 'Scattered clouds'}",N,north,0,2.1
08:23:33,4.9,61,Sarajevo,42,BA,2023-12-23:07,1.9,36.55,319.84,5.19,55.96,,-67.5,43.84864,18.35644,2023-12-23 07:00,d,0,944.3,70,1005,0,53.6,"['LQSA', 'radar', 'satellite']",01,LQSA,06:18,15:13,7,Europe/Sarajevo,1703314800,0.895494,1,"{'description': 'Scattered clouds', 'code': 802, 'icon': 'c02d'}",ENE,east-northeast,70,3.1
08:38:34,4.9,61,Sarajevo,42,BA,2023-12-23:07,1.9,36.55,319.84,5.19,55.96,,-67.5,43.84864,18.35644,2023-12-23 07:08,d,0,944.3,70,1005,0,53.6,"['LQSA', 'radar', 'satellite']",01,LQSA,06:18,15:13,7,Europe/Sarajevo,1703315314,0.895494,5,"{'description': 'Scattered clouds', 'code': 802, 'icon': 'c02d'}",ENE,east-northeast,70,3.1
08:53:35,9,61,Sarajevo,50,BA,2023-12-23:07,3,36.55,319.84,5.19,55.96,,-67.5,43.84864,18.35644,2023-12-23 07:30,d,0,944.8,66,1005,0,51.7,"['LQSA', 'radar', 'satellite']",01,LQSA,06:18,15:13,9,Europe/Sarajevo,1703316600,0.82589203,5,"{'description': 'Scattered clouds', 'code': 802, 'icon': 'c02d'}",E,east,100,2.1
09:08:36,9,80,Sarajevo,50,BA,2023-12-23:07,3,62.42,570.82,12.76,180.46,,-67.5,43.84864,18.35644,2023-12-23 07:38,d,0,944.8,66,1005,0,166.8,"['LQSA', 'radar', 'satellite']",01,LQSA,06:18,15:13,9,Europe/Sarajevo,1703317116,0.91655755,5,"{'icon': 'c02d', 'code': 802, 'description': 'Scattered clouds'}",E,east,100,2.1
09:23:37,8,78,Sarajevo,50,BA,2023-12-23:08,2.9,62.42,570.82,12.76,180.46,,-45,43.84864,18.35644,2023-12-23 08:00,d,0,944.6,70,1005,0,166.8,"['LQSA', 'radar', 'satellite']",01,LQSA,06:18,15:13,8,Europe/Sarajevo,1703318400,0.91655755,5,"{'description': 'Scattered clouds', 'code': 802, 'icon': 'c02d'}",ESE,east-southeast,120,1.5
09:38:38,8,78,Sarajevo,27,BA,2023-12-23:08,2.9,62.42,570.82,12.76,180.46,,-45,43.84864,18.35644,2023-12-23 08:08,d,0,944.6,70,1005,0,178.8,"['LQSA', 'radar', 'satellite']",01,LQSA,06:18,15:13,8,Europe/Sarajevo,1703318918,1.1386304,16,"{'description': 'Few clouds', 'code': 801, 'icon': 'c02d'}",ESE,east-southeast,120,1.5
09:53:39,10,78,Sarajevo,27,BA,2023-12-23:08,3.9,62.42,570.82,12.76,180.46,,-45,43.84864,18.35644,2023-12-23 08:30,d,0,945.9,66,1006,0,178.8,"['LQSA', 'radar', 'satellite']",01,LQSA,06:18,15:13,10,Europe/Sarajevo,1703320200,1.1386304,16,"{'description': 'Few clouds', 'code': 801, 'icon': 'c02d'}",N,north,0,1
10:08:40,10,76,Sarajevo,27,BA,2023-12-23:08,3.9,76.16,680.22,18.5,284.94,,-45,43.84864,18.35644,2023-12-23 08:38,d,0,945.9,66,1006,0,282.3,"['LQSA', 'radar', 'satellite']",01,LQSA,06:18,15:13,10,Europe/Sarajevo,1703320720,1.3621619,16,"{'description': 'Few clouds', 'code': 801, 'icon': 'c02d'}",N,north,0,1
10:23:41,11,78,Sarajevo,27,BA,2023-12-23:09,2.8,76.16,680.22,18.5,284.94,,-22.5,43.84864,18.35644,2023-12-23 09:00,d,0,947.1,57,1007,0,282.3,"['LQSA', 'radar', 'satellite']",01,LQSA,06:18,15:13,11,Europe/Sarajevo,1703322000,1.3621619,16,"{'icon': 'c02d', 'description': 'Few clouds', 'code': 801}",S,south,190,1
10:38:41,11,78,Sarajevo,7,BA,2023-12-23:09,2.8,76.16,680.22,18.5,284.94,,-22.5,43.84864,18.35644,2023-12-23 09:08,d,0,947.1,57,1007,0,284.9,"['LQSA', 'radar', 'satellite']",01,LQSA,06:18,15:13,11,Europe/Sarajevo,1703322522,1.5931785,16,"{'icon': 'c01d', 'description': 'Clear sky', 'code': 800}",S,south,190,1
10:53:43,11,78,Sarajevo,7,BA,2023-12-23:09,3.8,76.16,680.22,18.5,284.94,,-22.5,43.84864,18.35644,2023-12-23 09:30,d,0,947.1,61,1007,0,284.9,"['LQSA', 'radar', 'satellite']",01,LQSA,06:18,15:13,11,Europe/Sarajevo,1703323800,1.5931785,16,"{'icon': 'c01d', 'description': 'Clear sky', 'code': 800}",N,north,0,1
11:08:44,11,80,Sarajevo,37,BA,2023-12-23:09,3.8,82.98,729.04,21.93,348.56,,-22.5,43.84864,18.35644,2023-12-23 09:38,d,0,947.1,61,1007,0,339.1,"['LQSA', 'radar', 'satellite']",01,LQSA,06:18,15:13,11,Europe/Sarajevo,1703324324,1.433884,16,"{'icon': 'c02d', 'description': 'Few clouds', 'code': 801}",N,north,0,1
11:23:45,11,80,Sarajevo,37,BA,2023-12-23:10,3.8,82.98,729.04,21.93,348.56,,0,43.84864,18.35644,2023-12-23 10:00,d,0,946.1,61,1006,0,339.1,"['LQSA', 'radar', 'satellite']",01,LQSA,06:18,15:13,11,Europe/Sarajevo,1703325600,1.433884,16,"{'icon': 'c02d', 'description': 'Few clouds', 'code': 801}",NNW,north-northwest,340,1.5
11:38:46,11,82,Sarajevo,4,BA,2023-12-23:10,3.8,82.98,729.04,21.93,348.56,,0,43.84864,18.35644,2023-12-23 10:08,d,0,946.1,61,1006,0,348.6,"['LQSA', 'radar', 'satellite']",01,LQSA,06:18,15:13,11,Europe/Sarajevo,1703326126,1.8723094,16,"{'description': 'Clear sky', 'code': 800, 'icon': 'c01d'}",NNW,north-northwest,340,1.5
11:53:47,12,82,Sarajevo,4,BA,2023-12-23:10,4,82.98,729.04,21.93,348.56,,0,43.84864,18.35644,2023-12-23 10:30,d,0,946.3,58,1006,0,348.6,"['LQSA', 'radar', 'satellite']",01,LQSA,06:18,15:13,12,Europe/Sarajevo,1703327400,1.8723094,16,"{'description': 'Clear sky', 'code': 800, 'icon': 'c01d'}",W,west,270,1.5
12:08:49,12,89,Sarajevo,4,BA,2023-12-23:10,4,84.35,738.45,22.68,362.37,,0,43.84864,18.35644,2023-12-23 10:38,d,0,946.3,58,1006,0,362.4,"['LQSA', 'radar', 'satellite']",01,LQSA,06:18,15:13,12,Europe/Sarajevo,1703327929,1.9345614,16,"{'icon': 'c01d', 'description': 'Clear sky', 'code': 800}",W,west,270,1.5
12:23:50,13,89,Sarajevo,4,BA,2023-12-23:11,2.8,84.35,738.45,22.68,362.37,,22.5,43.84864,18.35644,2023-12-23 11:00,d,0,946.5,50,1006,0,362.4,"['LQSA', 'radar', 'satellite']",01,LQSA,06:18,15:13,13,Europe/Sarajevo,1703329200,1.9345614,16,"{'icon': 'c01d', 'description': 'Clear sky', 'code': 800}",W,west,270,1.5
12:38:51,13,89,Sarajevo,0,BA,2023-12-23:11,2.8,84.35,738.45,22.68,362.37,,22.5,43.84864,18.35644,2023-12-23 11:08,d,0,946.5,50,1006,0,362.4,"['LQSA', 'radar', 'satellite']",01,LQSA,06:18,15:13,13,Europe/Sarajevo,1703329732,1.9894707,16,"{'description': 'Clear sky', 'code': 800, 'icon': 'c01d'}",W,west,270,1.5
12:53:52,14,95,Sarajevo,0,BA,2023-12-23:11,3.7,84.35,738.45,22.68,362.37,,22.5,43.84864,18.35644,2023-12-23 11:30,d,0,945.8,50,1005,0,362.4,"['LQSA', 'radar', 'satellite']",01,LQSA,06:18,15:13,14,Europe/Sarajevo,1703331000,1.9894707,16,"{'icon': 'c01d', 'description': 'Clear sky', 'code': 800}",N,north,0,1
13:08:54,14,100,Sarajevo,0,BA,2023-12-23:11,3.7,80.52,711.78,20.64,324.6,,22.5,43.84864,18.35644,2023-12-23 11:38,d,0,945.8,50,1005,0,324.6,"['LQSA', 'radar', 'satellite']",01,LQSA,06:18,15:13,14,Europe/Sarajevo,1703331534,1.822786,16,"{'icon': 'c01d', 'description': 'Clear sky', 'code': 800}",N,north,0,1
13:23:55,14,100,Sarajevo,0,BA,2023-12-23:12,2.9,80.52,711.78,20.64,324.6,,45,43.84864,18.35644,2023-12-23 12:00,d,0,945.8,47,1005,0,324.6,"['LQSA', 'radar', 'satellite']",01,LQSA,06:18,15:13,14,Europe/Sarajevo,1703332800,1.822786,16,"{'icon': 'c01d', 'description': 'Clear sky', 'code': 800}",N,north,0,0.5
13:38:57,14,100,Sarajevo,0,BA,2023-12-23:12,2.9,80.52,711.78,20.64,324.6,,45,43.84864,18.35644,2023-12-23 12:08,d,0,945.8,47,1005,0,324.6,"['LQSA', 'radar', 'satellite']",01,LQSA,06:18,15:13,14,Europe/Sarajevo,1703333337,1.822786,16,"{'icon': 'c01d', 'description': 'Clear sky', 'code': 800}",N,north,0,0.5
13:53:59,16,100,Sarajevo,0,BA,2023-12-23:12,2.7,80.52,711.78,20.64,324.6,,45,43.84864,18.35644,2023-12-23 12:30,d,0,946.2,41,1005,0,324.6,"['LQSA', 'radar', 'satellite']",01,LQSA,06:18,15:13,16,Europe/Sarajevo,1703334600,1.822786,16,"{'code': 800, 'icon': 'c01d', 'description': 'Clear sky'}",N,north,0,1
14:09:01,16,100,Sarajevo,2,BA,2023-12-23:12,2.7,70.76,639,16.07,240.22,,45,43.84864,18.35644,2023-12-23 12:39,d,0,946.2,41,1005,0,240.2,"['LQSA', 'radar', 'satellite']",01,LQSA,06:18,15:13,16,Europe/Sarajevo,1703335141,1.5153476,16,"{'icon': 'c01d', 'description': 'Clear sky', 'code': 800}",N,north,0,1
14:24:03,15,100,Sarajevo,2,BA,2023-12-23:13,2.8,70.76,639,16.07,240.22,,67.5,43.84864,18.35644,2023-12-23 13:00,d,0,946,44,1005,0,240.2,"['LQSA', 'radar', 'satellite']",01,LQSA,06:18,15:13,15,Europe/Sarajevo,1703336400,1.5153476,16,"{'code': 800, 'icon': 'c01d', 'description': 'Clear sky'}",N,north,0,0.5
14:39:04,15,100,Sarajevo,7,BA,2023-12-23:13,2.8,70.76,639,16.07,240.22,,67.5,43.84864,18.35644,2023-12-23 13:09,d,0,946,44,1005,0,240.2,"['LQSA', 'radar', 'satellite']",01,LQSA,06:18,15:13,15,Europe/Sarajevo,1703336945,1.4623365,16,"{'description': 'Clear sky', 'code': 800, 'icon': 'c01d'}",N,north,0,0.5
14:54:07,15,100,Sarajevo,7,BA,2023-12-23:13,2.8,70.76,639,16.07,240.22,,67.5,43.84864,18.35644,2023-12-23 13:30,d,0,946,44,1005,0,240.2,"['LQSA', 'radar', 'satellite']",01,LQSA,06:18,15:13,15,Europe/Sarajevo,1703338200,1.4623365,16,"{'description': 'Clear sky', 'code': 800, 'icon': 'c01d'}",N,north,0,1
15:09:08,15,100,Sarajevo,7,BA,2023-12-23:13,2.8,52.48,481.57,9.41,122.48,,67.5,43.84864,18.35644,2023-12-23 13:39,d,0,946,44,1005,0,122.5,"['LQSA', 'radar', 'satellite']",01,LQSA,06:18,15:13,15,Europe/Sarajevo,1703338748,1.2488781,16,"{'description': 'Clear sky', 'code': 800, 'icon': 'c01d'}",N,north,0,1
15:24:09,15,89,Sarajevo,7,BA,2023-12-23:14,2.8,52.48,481.57,9.41,122.48,,90,43.84864,18.35644,2023-12-23 14:00,d,0,946,44,1005,0,122.5,"['LQSA', 'radar', 'satellite']",01,LQSA,06:18,15:13,15,Europe/Sarajevo,1703340000,1.2488781,16,"{'description': 'Clear sky', 'code': 800, 'icon': 'c01d'}",N,north,0,1
15:39:10,15,89,Sarajevo,56,BA,2023-12-23:14,2.8,52.48,481.57,9.41,122.48,,90,43.84864,18.35644,2023-12-23 14:09,d,0,946,44,1005,0,108.8,"['LQSA', 'radar', 'satellite']",01,LQSA,06:18,15:13,15,Europe/Sarajevo,1703340550,0.805203,16,"{'description': 'Scattered clouds', 'code': 802, 'icon': 'c02d'}",N,north,0,1
15:54:10,13,89,Sarajevo,56,BA,2023-12-23:14,1.9,52.48,481.57,9.41,122.48,,90,43.84864,18.35644,2023-12-23 14:30,d,0,945.6,47,1005,0,108.8,"['LQSA', 'radar', 'satellite']",01,LQSA,06:18,15:13,13,Europe/Sarajevo,1703341800,0.805203,16,"{'description': 'Scattered clouds', 'code': 802, 'icon': 'c02d'}",W,west,270,3.1
16:09:11,13,80,Sarajevo,56,BA,2023-12-23:14,1.9,14.15,73.71,1.16,7.83,,90,43.84864,18.35644,2023-12-23 14:39,d,0,945.6,47,1005,0,7,"['LQSA', 'radar', 'satellite']",01,LQSA,06:18,15:13,13,Europe/Sarajevo,1703342352,0.7670828,16,"{'description': 'Scattered clouds', 'code': 802, 'icon': 'c02d'}",W,west,270,3.1
16:24:12,13,78,Sarajevo,56,BA,2023-12-23:15,1.9,14.15,73.71,1.16,7.83,,81,43.84864,18.35644,2023-12-23 15:00,n,0,945.6,47,1005,0,7,"['LQSA', 'radar', 'satellite']",01,LQSA,06:18,15:13,13,Europe/Sarajevo,1703343600,0.7670828,16,"{'description': 'Scattered clouds', 'code': 802, 'icon': 'c02n'}",WSW,west-southwest,250,3.1
16:39:13,13,78,Sarajevo,64,BA,2023-12-23:15,1.9,14.15,73.71,1.16,7.83,,81,43.84864,18.35644,2023-12-23 15:09,n,0,945.6,47,1005,0,6.5,"['LQSA', 'radar', 'satellite']",01,LQSA,06:18,15:13,13,Europe/Sarajevo,1703344154,0.6980753,2,"{'description': 'Scattered clouds', 'code': 802, 'icon': 'c02n'}",WSW,west-southwest,250,3.1
16:54:14,13,78,Sarajevo,42,BA,2023-12-23:15,0.7,14.15,73.71,1.16,7.83,,81,43.84864,18.35644,2023-12-23 15:30,n,0,945.6,43,1005,0,7.5,"['LQSA', 'radar', 'satellite']",01,LQSA,06:18,15:13,13,Europe/Sarajevo,1703345400,0.8878459,2,"{'description': 'Scattered clouds', 'code': 802, 'icon': 'c02n'}",WSW,west-southwest,250,3.6
17:09:15,13,72,Sarajevo,42,BA,2023-12-23:15,0.7,0,0,-8.23,0,,81,43.84864,18.35644,2023-12-23 15:39,n,0,945.6,43,1005,0,0,"['LQSA', 'radar', 'satellite']",01,LQSA,06:18,15:13,13,Europe/Sarajevo,1703345955,0,2,"{'icon': 'c02n', 'description': 'Scattered clouds', 'code': 802}",WSW,west-southwest,250,3.6
17:24:16,13,72,Sarajevo,45,BA,2023-12-23:16,0.7,0,0,-8.23,0,,-90,43.84864,18.35644,2023-12-23 16:00,n,0,946.5,43,1006,0,0,"['LQSA', 'radar', 'satellite']",01,LQSA,06:18,15:13,13,Europe/Sarajevo,1703347200,0,2,"{'description': 'Scattered clouds', 'code': 802, 'icon': 'c02n'}",N,north,0,3.1
17:39:17,13,74,Sarajevo,52,BA,2023-12-23:16,0.7,0,0,-8.23,0,,-90,43.84864,18.35644,2023-12-23 16:09,n,0,946.5,43,1006,0,0,"['LQSA', 'radar', 'satellite']",01,LQSA,06:18,15:13,13,Europe/Sarajevo,1703347757,0,1,"{'code': 802, 'icon': 'c02n', 'description': 'Scattered clouds'}",N,north,0,3.1
17:54:18,13,74,Sarajevo,49,BA,2023-12-23:16,0.7,0,0,-8.23,0,,-90,43.84864,18.35644,2023-12-23 16:24,n,0,946.5,43,1006,0,0,"['LQSA', 'radar', 'satellite']",01,LQSA,06:18,15:13,13,Europe/Sarajevo,1703348658,0,1,"{'icon': 'c02n', 'code': 802, 'description': 'Scattered clouds'}",N,north,0,3.1
18:09:19,11,74,Sarajevo,53,BA,2023-12-23:16,1.8,0,0,-18.39,0,,-90,43.84864,18.35644,2023-12-23 16:39,n,0,946.1,53,1006,0,0,"['LQSA', 'radar', 'satellite']",01,LQSA,06:18,15:13,11,Europe/Sarajevo,1703349560,0,1,"{'code': 802, 'icon': 'c02n', 'description': 'Scattered clouds'}",N,north,0,1.5
18:24:20,11,74,Sarajevo,81,BA,2023-12-23:16,1.8,0,0,-18.39,0,,-90,43.84864,18.35644,2023-12-23 16:54,n,0,946.1,53,1006,0,0,"['LQSA', 'radar', 'satellite']",01,LQSA,06:18,15:13,11,Europe/Sarajevo,1703350461,0,1,"{'description': 'Broken clouds', 'code': 803, 'icon': 'c03n'}",N,north,0,1.5
18:39:21,9,74,Sarajevo,81,BA,2023-12-23:17,3,0,0,-18.39,0,,-90,43.84864,18.35644,2023-12-23 17:09,n,0,945.7,66,1006,0,0,"['LQSA', 'radar', 'satellite']",01,LQSA,06:18,15:13,9,Europe/Sarajevo,1703351361,0,2,"{'description': 'Broken clouds', 'code': 803, 'icon': 'c03n'}",N,north,0,1.5
18:54:22,10,104,Sarajevo,52,BA,2023-12-23:17,1.9,0,0,-18.39,0,,-90,43.84864,18.35644,2023-12-23 17:30,n,0,946.8,57,1007,0,0,"['LQSA', 'radar', 'satellite']",01,LQSA,06:18,15:13,10,Europe/Sarajevo,1703352600,0,2,"{'description': 'Scattered clouds', 'code': 802, 'icon': 'c02n'}",N,north,0,2.6
19:09:23,10,123,Sarajevo,52,BA,2023-12-23:17,1.9,0,0,-29.02,0,,-90,43.84864,18.35644,2023-12-23 17:39,n,0,946.8,57,1007,0,0,"['LQSA', 'radar', 'satellite']",01,LQSA,06:18,15:13,10,Europe/Sarajevo,1703353163,0,2,"{'description': 'Scattered clouds', 'code': 802, 'icon': 'c02n'}",N,north,0,2.6
19:24:24,9,123,Sarajevo,50,BA,2023-12-23:18,3,0,0,-29.02,0,,-90,43.84864,18.35644,2023-12-23 18:00,n,0,946.6,66,1007,0,0,"['LQSA', 'radar', 'satellite']",01,LQSA,06:18,15:13,9,Europe/Sarajevo,1703354400,0,16,"{'code': 802, 'icon': 'c02n', 'description': 'Scattered clouds'}",NE,northeast,50,2.1
19:39:25,9,123,Sarajevo,54,BA,2023-12-23:18,3,0,0,-29.02,0,,-90,43.84864,18.35644,2023-12-23 18:09,n,0,946.6,66,1007,0,0,"['LQSA', 'radar', 'satellite']",01,LQSA,06:18,15:13,9,Europe/Sarajevo,1703354965,0,16,"{'icon': 'c02n', 'description': 'Scattered clouds', 'code': 802}",NE,northeast,50,2.1
19:54:26,10,123,Sarajevo,80,BA,2023-12-23:18,1.9,0,0,-29.02,0,,-90,43.84864,18.35644,2023-12-23 18:30,n,0,946.8,57,1007,0,0,"['LQSA', 'radar', 'satellite']",01,LQSA,06:18,15:13,10,Europe/Sarajevo,1703356200,0,16,"{'code': 803, 'icon': 'c03n', 'description': 'Broken clouds'}",N,north,0,2.1
20:09:27,10,161,Sarajevo,82,BA,2023-12-23:18,1.9,0,0,-39.82,0,,-90,43.84864,18.35644,2023-12-23 18:39,n,0,946.8,57,1007,0,0,"['LQSA', 'radar', 'satellite']",01,LQSA,06:18,15:13,10,Europe/Sarajevo,1703356767,0,16,"{'icon': 'c03n', 'code': 803, 'description': 'Broken clouds'}",N,north,0,2.1
20:24:28,9,161,Sarajevo,86,BA,2023-12-23:19,3,0,0,-39.82,0,,-90,43.84864,18.35644,2023-12-23 19:00,n,0,947.6,66,1008,0,0,"['LQSA', 'radar', 'satellite']",01,LQSA,06:18,15:13,9,Europe/Sarajevo,1703358000,0,16,"{'icon': 'c03n', 'code': 803, 'description': 'Broken clouds'}",N,north,0,1
20:39:29,9,161,Sarajevo,86,BA,2023-12-23:19,3,0,0,-39.82,0,,-90,43.84864,18.35644,2023-12-23 19:09,n,0,947.6,66,1008,0,0,"['LQSA', 'radar', 'satellite']",01,LQSA,06:18,15:13,9,Europe/Sarajevo,1703358569,0,16,"{'code': 803, 'icon': 'c03n', 'description': 'Broken clouds'}",N,north,0,1
20:54:30,10,161,Sarajevo,85,BA,2023-12-23:19,2.8,0,0,-39.82,0,,-90,43.84864,18.35644,2023-12-23 19:30,n,0,947.8,61,1008,0,0,"['LQSA', 'radar', 'satellite']",01,LQSA,06:18,15:13,10,Europe/Sarajevo,1703359800,0,16,"{'icon': 'c03n', 'description': 'Broken clouds', 'code': 803}",N,north,0,1.5
21:09:31,10,160,Sarajevo,85,BA,2023-12-23:19,2.8,0,0,-50.42,0,,-90,43.84864,18.35644,2023-12-23 19:39,n,0,947.8,61,1008,0,0,"['LQSA', 'radar', 'satellite']",01,LQSA,06:18,15:13,10,Europe/Sarajevo,1703360371,0,16,"{'icon': 'c03n', 'description': 'Broken clouds', 'code': 803}",N,north,0,1.5
21:24:32,9,160,Sarajevo,85,BA,2023-12-23:20,3,0,0,-50.42,0,,-90,43.84864,18.35644,2023-12-23 20:00,n,0,948.5,66,1009,0,0,"['LQSA', 'radar', 'satellite']",01,LQSA,06:18,15:13,9,Europe/Sarajevo,1703361600,0,16,"{'description': 'Broken clouds', 'code': 803, 'icon': 'c03n'}",N,north,0,1.5
21:39:33,9,160,Sarajevo,86,BA,2023-12-23:20,3,0,0,-50.42,0,,-90,43.84864,18.35644,2023-12-23 20:09,n,0,948.5,66,1009,0,0,"['LQSA', 'radar', 'satellite']",01,LQSA,06:18,15:13,9,Europe/Sarajevo,1703362173,0,16,"{'description': 'Broken clouds', 'code': 803, 'icon': 'c03n'}",N,north,0,1.5
21:54:34,9,160,Sarajevo,86,BA,2023-12-23:20,3,0,0,-50.42,0,,-90,43.84864,18.35644,2023-12-23 20:24,n,0,948.5,66,1009,0,0,"['LQSA', 'radar', 'satellite']",01,LQSA,06:18,15:13,9,Europe/Sarajevo,1703363074,0,16,"{'description': 'Broken clouds', 'code': 803, 'icon': 'c03n'}",N,north,0,1.5
22:09:34,9,159,Sarajevo,86,BA,2023-12-23:20,3,0,0,-60.17,0,,-90,43.84864,18.35644,2023-12-23 20:39,n,0,948.5,66,1009,0,0,"['LQSA', 'radar', 'satellite']",01,LQSA,06:18,15:13,9,Europe/Sarajevo,1703363975,0,16,"{'icon': 'c03n', 'description': 'Broken clouds', 'code': 803}",N,north,0,1
22:24:35,9,156,Sarajevo,87,BA,2023-12-23:20,3,0,0,-60.17,0,,-90,43.84864,18.35644,2023-12-23 20:54,n,0,948.5,66,1009,0,0,"['LQSA', 'radar', 'satellite']",01,LQSA,06:18,15:13,9,Europe/Sarajevo,1703364876,0,16,"{'icon': 'c03n', 'description': 'Broken clouds', 'code': 803}",N,north,0,1
22:39:36,9,156,Sarajevo,87,BA,2023-12-23:21,3.8,0,0,-60.17,0,,-90,43.84864,18.35644,2023-12-23 21:09,n,0,948.5,70,1009,0,0,"['LQSA', 'radar', 'satellite']",01,LQSA,06:18,15:13,9,Europe/Sarajevo,1703365777,0,16,"{'description': 'Broken clouds', 'code': 803, 'icon': 'c03n'}",ENE,east-northeast,60,2.1
22:54:37,9,156,Sarajevo,88,BA,2023-12-23:21,3.8,0,0,-60.17,0,,-90,43.84864,18.35644,2023-12-23 21:30,n,0,948.5,70,1009,0,0,"['LQSA', 'radar', 'satellite']",01,LQSA,06:18,15:13,9,Europe/Sarajevo,1703367000,0,16,"{'icon': 'c03n', 'description': 'Broken clouds', 'code': 803}",N,north,0,1
23:09:38,9,155,Sarajevo,88,BA,2023-12-23:21,3.8,0,0,-67.49,0,,-90,43.84864,18.35644,2023-12-23 21:39,n,0,948.5,70,1009,0,0,"['LQSA', 'radar', 'satellite']",01,LQSA,06:18,15:13,9,Europe/Sarajevo,1703367579,0,16,"{'icon': 'c03n', 'description': 'Broken clouds', 'code': 803}",N,north,0,1
23:24:39,9,155,Sarajevo,89,BA,2023-12-23:22,3.8,0,0,-67.49,0,,-90,43.84864,18.35644,2023-12-23 22:00,n,0,949.5,70,1010,0,0,"['LQSA', 'radar', 'satellite']",01,LQSA,06:18,15:13,9,Europe/Sarajevo,1703368800,0,16,"{'icon': 'c03n', 'description': 'Broken clouds', 'code': 803}",N,north,0,1
23:39:40,9,155,Sarajevo,88,BA,2023-12-23:22,3.8,0,0,-67.49,0,,-90,43.84864,18.35644,2023-12-23 22:09,n,0,949.5,70,1010,0,0,"['LQSA', 'radar', 'satellite']",01,LQSA,06:18,15:13,9,Europe/Sarajevo,1703369381,0,16,"{'code': 803, 'icon': 'c03n', 'description': 'Broken clouds'}",N,north,0,1
23:54:41,8,155,Sarajevo,88,BA,2023-12-23:22,3.8,0,0,-67.49,0,,-90,43.84864,18.35644,2023-12-23 22:30,n,0,949.3,75,1010,0,0,"['LQSA', 'radar', 'satellite']",01,LQSA,06:18,15:13,8,Europe/Sarajevo,1703370600,0,16,"{'icon': 'c03n', 'description': 'Broken clouds', 'code': 803}",ESE,east-southeast,120,1
00:09:42,8,155,Sarajevo,88,BA,2023-12-23:22,3.8,0,0,-69.39,0,,-90,43.84864,18.35644,2023-12-23 22:39,n,0,949.3,75,1010,0,0,"['LQSA', 'radar', 'satellite']",01,LQSA,06:18,15:13,8,Europe/Sarajevo,1703371182,0,16,"{'description': 'Broken clouds', 'code': 803, 'icon': 'c03n'}",ESE,east-southeast,120,1
00:24:43,6.3,155,Sarajevo,87,BA,2023-12-23:23,4,0,0,-69.39,0,,-90,43.84864,18.35644,2023-12-23 23:00,n,0,949,81,1010,0,0,"['LQSA', 'radar', 'satellite']",01,LQSA,06:18,15:13,7,Europe/Sarajevo,1703372400,0,16,"{'code': 803, 'icon': 'c03n', 'description': 'Broken clouds'}",SE,southeast,140,1.5
00:39:45,6.3,155,Sarajevo,87,BA,2023-12-23:23,4,0,0,-69.39,0,,-90,43.84864,18.35644,2023-12-23 23:09,n,0,949,81,1010,0,0,"['LQSA', 'radar', 'satellite']",01,LQSA,06:18,15:13,7,Europe/Sarajevo,1703372985,0,16,"{'code': 803, 'icon': 'c03n', 'description': 'Broken clouds'}",SE,southeast,140,1.5
00:54:45,8.1,155,Sarajevo,88,BA,2023-12-23:23,4,0,0,-69.39,0,,-90,43.84864,18.35644,2023-12-23 23:30,n,0,949,81,1010,0,0,"['LQSA', 'radar', 'satellite']",01,LQSA,06:18,15:13,7,Europe/Sarajevo,1703374200,0,16,"{'icon': 'c03n', 'description': 'Broken clouds', 'code': 803}",N,north,0,0.5
01:09:46,8.1,156,Sarajevo,88,BA,2023-12-23:23,4,0,0,-64.58,0,,-90,43.84864,18.35644,2023-12-23 23:39,n,0,949,81,1010,0,0,"['LQSA', 'radar', 'satellite']",01,LQSA,06:18,15:13,7,Europe/Sarajevo,1703374787,0,16,"{'icon': 'c03n', 'description': 'Broken clouds', 'code': 803}",N,north,0,0.5
01:24:47,8.1,156,Sarajevo,88,BA,2023-12-24:00,5,0,0,-64.58,0,,-90,43.84864,18.35644,2023-12-24 00:00,n,0,950,87,1011,0,0,"['LQSA', 'radar', 'satellite']",01,LQSA,06:18,15:13,7,Europe/Sarajevo,1703376000,0,16,"{'description': 'Broken clouds', 'code': 803, 'icon': 'c03n'}",N,north,0,0.5
01:39:50,8.1,156,Sarajevo,89,BA,2023-12-24:00,5,0,0,-64.58,0,,-90,43.84864,18.35644,2023-12-24 00:09,n,0,950,87,1011,0,0,"['LQSA', 'radar', 'satellite']",01,LQSA,06:18,15:13,7,Europe/Sarajevo,1703376590,0,16,"{'description': 'Broken clouds', 'code': 803, 'icon': 'c03n'}",N,north,0,0.5
